{
  "user_id": 15,
  "original_slack_id": "U09D8QXPUEN",
  "survey_data": {
    "linkedin_url": "https://www.linkedin.com/in/%EB%AA%85%EC%88%98-%EA%B8%B0-257341346/",
    "job_field": "취준생(AWS Architect)",
    "interests": "ALL AI",
    "hobbies": "네트워킹 참여자 분들에게 많은 이야기를 들었으면 좋겠습니다.",
    "timestamp": "2025년 9월 5일 오후 3:40:58"
  },
  "linkedin_data": {
    "url": "https://www.linkedin.com/in/%EB%AA%85%EC%88%98-%EA%B8%B0-257341346",
    "name": "기명수",
    "headline": "--",
    "location": "대한민국",
    "about": "AWS Certified Machine Learning Engineer - Associate Early Adopter was issued by Amazon Web Services Training and Certification to Myong Su Ki.",
    "experiences": [],
    "education": [
      {
        "school": "국립한국교통대학교",
        "degree": "Department of Computer Science • System Thinking & Simulation • Urban and Transportation Engineering Bachelor of Applied Science - BASc",
        "field": null,
        "date_range": null,
        "description": null
      },
      {
        "school": "국립한국교통대학교",
        "degree": "Department of Computer Science • System Thinking & Simulation • Urban and Transportation Engineering Bachelor of Applied Science - BASc",
        "field": null,
        "date_range": null,
        "description": null
      }
    ],
    "skills": [
      "솔루션 아키텍처",
      "Amazon Bedrock Agent"
    ],
    "websites": [],
    "email": null
  }
}